what,kind,bundleId,bundleVersion,description,time
activated,view,org.eclipse.datatools.connectivity.ui.dse,1.1.4.v201107221459,"org.eclipse.datatools.connectivity.DataSourceExplorerNavigator",1414831036610
activated,workbench,org.eclipse.ui.workbench,3.7.1.v20120104-1859,"",1414831057688
executed,command,org.eclipse.ui,3.7.0.v20110928-1505,"org.eclipse.ui.file.properties",1414831057770
activated,view,org.eclipse.wst.server.ui,1.3.0.v20120210_1439,"org.eclipse.wst.server.ui.ServersView",1414831067932
deactivated,workbench,org.eclipse.ui.workbench,3.7.1.v20120104-1859,"",1414831079302
activated,workbench,org.eclipse.ui.workbench,3.7.1.v20120104-1859,"",1414831084970
started,bundle,org.eclipse.wst.common.uriresolver,1.1.401.v201004280700,"org.eclipse.wst.common.uriresolver",1414831086637
started,bundle,org.eclipse.wst.xsl.exslt.core,1.0.0.v201005240426,"org.eclipse.wst.xsl.exslt.core",1414831087029
executed,command,org.eclipse.wst.server.ui,1.3.0.v20120210_1439,"org.eclipse.wst.server.run",1414831087397
started,bundle,org.eclipse.wst.internet.cache,1.0.400.v201004280700,"org.eclipse.wst.internet.cache",1414831091054
deactivated,workbench,org.eclipse.ui.workbench,3.7.1.v20120104-1859,"",1414831097960
activated,view,org.eclipse.ui.console,3.5.100.v20111007_r372,"org.eclipse.ui.console.ConsoleView",1414831106884
activated,view,org.eclipse.wst.server.ui,1.3.0.v20120210_1439,"org.eclipse.wst.server.ui.ServersView",1414831115055
activated,view,org.eclipse.ui.console,3.5.100.v20111007_r372,"org.eclipse.ui.console.ConsoleView",1414831124550
activated,workbench,org.eclipse.ui.workbench,3.7.1.v20120104-1859,"",1414831233750
opened,editor,org.eclipse.ui.browser,3.3.101.v20111019-1723,"org.eclipse.ui.browser.editor",1414831240054
activated,editor,org.eclipse.ui.browser,3.3.101.v20111019-1723,"org.eclipse.ui.browser.editor",1414831240274
activated,view,org.eclipse.ui.console,3.5.100.v20111007_r372,"org.eclipse.ui.console.ConsoleView",1414831256556
activated,editor,org.eclipse.ui.browser,3.3.101.v20111019-1723,"org.eclipse.ui.browser.editor",1414831286168
activated,view,org.eclipse.ui.console,3.5.100.v20111007_r372,"org.eclipse.ui.console.ConsoleView",1414831290415
executed,command,org.eclipse.ui,3.7.0.v20110928-1505,"org.eclipse.ui.edit.copy",1414831303575
deactivated,workbench,org.eclipse.ui.workbench,3.7.1.v20120104-1859,"",1414831305641
activated,workbench,org.eclipse.ui.workbench,3.7.1.v20120104-1859,"",1414831380076
activated,editor,org.eclipse.ui.editors,3.7.0.v20110928-1504,"org.eclipse.ui.DefaultTextEditor",1414831387725
executed,command,org.eclipse.ui,3.7.0.v20110928-1505,"org.eclipse.ui.edit.copy",1414831397015
deactivated,workbench,org.eclipse.ui.workbench,3.7.1.v20120104-1859,"",1414831397668
activated,workbench,org.eclipse.ui.workbench,3.7.1.v20120104-1859,"",1414831460141
deactivated,workbench,org.eclipse.ui.workbench,3.7.1.v20120104-1859,"",1414831465944
activated,workbench,org.eclipse.ui.workbench,3.7.1.v20120104-1859,"",1414832412066
deactivated,workbench,org.eclipse.ui.workbench,3.7.1.v20120104-1859,"",1414832422627
activated,view,org.eclipse.ui.navigator.resources,3.4.300.v20110928-1505,"org.eclipse.ui.navigator.ProjectExplorer",1414832758592
activated,workbench,org.eclipse.ui.workbench,3.7.1.v20120104-1859,"",1414832759005
deactivated,workbench,org.eclipse.ui.workbench,3.7.1.v20120104-1859,"",1414832759576
activated,workbench,org.eclipse.ui.workbench,3.7.1.v20120104-1859,"",1414858327413
activated,view,org.eclipse.datatools.connectivity.ui.dse,1.1.4.v201107221459,"org.eclipse.datatools.connectivity.DataSourceExplorerNavigator",1414858342336
deactivated,workbench,org.eclipse.ui.workbench,3.7.1.v20120104-1859,"",1414858366121
activated,workbench,org.eclipse.ui.workbench,3.7.1.v20120104-1859,"",1414858928164
deactivated,workbench,org.eclipse.ui.workbench,3.7.1.v20120104-1859,"",1414858930133
activated,workbench,org.eclipse.ui.workbench,3.7.1.v20120104-1859,"",1414892079462
activated,view,org.eclipse.wst.server.ui,1.3.0.v20120210_1439,"org.eclipse.wst.server.ui.ServersView",1414892085830
activated,editor,org.eclipse.jdt.ui,3.7.2.v20120109-1427,"org.eclipse.jdt.ui.CompilationUnitEditor",1414892096484
activated,view,org.eclipse.datatools.connectivity.ui.dse,1.1.4.v201107221459,"org.eclipse.datatools.connectivity.DataSourceExplorerNavigator",1414892135551
activated,editor,org.eclipse.ui.editors,3.7.0.v20110928-1504,"org.eclipse.ui.DefaultTextEditor",1414892171549
deactivated,workbench,org.eclipse.ui.workbench,3.7.1.v20120104-1859,"",1414892234126
activated,workbench,org.eclipse.ui.workbench,3.7.1.v20120104-1859,"",1414892538741
executed,command,org.eclipse.ui,3.7.0.v20110928-1505,"org.eclipse.ui.edit.paste",1414892547321
executed,command,org.eclipse.ui,3.7.0.v20110928-1505,"org.eclipse.ui.file.save",1414892552888
deactivated,workbench,org.eclipse.ui.workbench,3.7.1.v20120104-1859,"",1414892568187
activated,workbench,org.eclipse.ui.workbench,3.7.1.v20120104-1859,"",1414892594206
deactivated,workbench,org.eclipse.ui.workbench,3.7.1.v20120104-1859,"",1414892619908
activated,workbench,org.eclipse.ui.workbench,3.7.1.v20120104-1859,"",1414892639112
deactivated,workbench,org.eclipse.ui.workbench,3.7.1.v20120104-1859,"",1414892640599
activated,workbench,org.eclipse.ui.workbench,3.7.1.v20120104-1859,"",1414892721172
executed,command,org.eclipse.ui.workbench.texteditor,3.7.0.v20110928-1504,"org.eclipse.ui.edit.text.deletePreviousWord",1414892722299
executed,command,org.eclipse.ui,3.7.0.v20110928-1505,"org.eclipse.ui.file.save",1414892724507
deactivated,workbench,org.eclipse.ui.workbench,3.7.1.v20120104-1859,"",1414892727086
activated,workbench,org.eclipse.ui.workbench,3.7.1.v20120104-1859,"",1414892807587
executed,command,org.eclipse.ui,3.7.0.v20110928-1505,"org.eclipse.ui.edit.copy",1414892817526
activated,editor,org.eclipse.jdt.ui,3.7.2.v20120109-1427,"org.eclipse.jdt.ui.CompilationUnitEditor",1414892819136
executed,command,org.eclipse.ui,3.7.0.v20110928-1505,"org.eclipse.ui.edit.paste",1414892825703
executed,command,org.eclipse.ui,3.7.0.v20110928-1505,"org.eclipse.ui.file.save",1414892828199
activated,view,org.eclipse.ui.console,3.5.100.v20111007_r372,"org.eclipse.ui.console.ConsoleView",1414892848764
activated,view,org.eclipse.wst.server.ui,1.3.0.v20120210_1439,"org.eclipse.wst.server.ui.ServersView",1414892850723
activated,editor,org.eclipse.ui.editors,3.7.0.v20110928-1504,"org.eclipse.ui.DefaultTextEditor",1414892865938
deactivated,workbench,org.eclipse.ui.workbench,3.7.1.v20120104-1859,"",1414892875904
activated,workbench,org.eclipse.ui.workbench,3.7.1.v20120104-1859,"",1414892915056
deactivated,workbench,org.eclipse.ui.workbench,3.7.1.v20120104-1859,"",1414892915990
activated,workbench,org.eclipse.ui.workbench,3.7.1.v20120104-1859,"",1414892920711
activated,view,org.eclipse.ui.navigator.resources,3.4.300.v20110928-1505,"org.eclipse.ui.navigator.ProjectExplorer",1414892926289
activated,editor,org.eclipse.ui.editors,3.7.0.v20110928-1504,"org.eclipse.ui.DefaultTextEditor",1414892929146
activated,editor,org.eclipse.ui.editors,3.7.0.v20110928-1504,"org.eclipse.ui.DefaultTextEditor",1414892935293
activated,editor,org.eclipse.ui.editors,3.7.0.v20110928-1504,"org.eclipse.ui.DefaultTextEditor",1414892937268
deactivated,workbench,org.eclipse.ui.workbench,3.7.1.v20120104-1859,"",1414892938836
activated,workbench,org.eclipse.ui.workbench,3.7.1.v20120104-1859,"",1414892940275
deactivated,workbench,org.eclipse.ui.workbench,3.7.1.v20120104-1859,"",1414892941579
activated,workbench,org.eclipse.ui.workbench,3.7.1.v20120104-1859,"",1414892943146
deactivated,workbench,org.eclipse.ui.workbench,3.7.1.v20120104-1859,"",1414892945700
activated,workbench,org.eclipse.ui.workbench,3.7.1.v20120104-1859,"",1414892966121
deactivated,workbench,org.eclipse.ui.workbench,3.7.1.v20120104-1859,"",1414892967531
activated,workbench,org.eclipse.ui.workbench,3.7.1.v20120104-1859,"",1414892970912
activated,editor,org.eclipse.jdt.ui,3.7.2.v20120109-1427,"org.eclipse.jdt.ui.CompilationUnitEditor",1414892972824
deactivated,workbench,org.eclipse.ui.workbench,3.7.1.v20120104-1859,"",1414892977932
activated,workbench,org.eclipse.ui.workbench,3.7.1.v20120104-1859,"",1414892980329
deactivated,workbench,org.eclipse.ui.workbench,3.7.1.v20120104-1859,"",1414892982816
activated,workbench,org.eclipse.ui.workbench,3.7.1.v20120104-1859,"",1414892983482
deactivated,workbench,org.eclipse.ui.workbench,3.7.1.v20120104-1859,"",1414892988182
activated,workbench,org.eclipse.ui.workbench,3.7.1.v20120104-1859,"",1414892989291
deactivated,workbench,org.eclipse.ui.workbench,3.7.1.v20120104-1859,"",1414892990847
activated,workbench,org.eclipse.ui.workbench,3.7.1.v20120104-1859,"",1414892997625
executed,command,org.eclipse.ui,3.7.0.v20110928-1505,"org.eclipse.ui.edit.paste",1414893001732
deactivated,workbench,org.eclipse.ui.workbench,3.7.1.v20120104-1859,"",1414893003497
activated,workbench,org.eclipse.ui.workbench,3.7.1.v20120104-1859,"",1414893030257
deactivated,workbench,org.eclipse.ui.workbench,3.7.1.v20120104-1859,"",1414893031314
activated,workbench,org.eclipse.ui.workbench,3.7.1.v20120104-1859,"",1414893035570
executed,command,org.eclipse.ui,3.7.0.v20110928-1505,"org.eclipse.ui.edit.paste",1414893041037
executed,command,org.eclipse.ui,3.7.0.v20110928-1505,"org.eclipse.ui.file.save",1414893046012
deactivated,workbench,org.eclipse.ui.workbench,3.7.1.v20120104-1859,"",1414893046979
activated,workbench,org.eclipse.ui.workbench,3.7.1.v20120104-1859,"",1414893049779
deactivated,workbench,org.eclipse.ui.workbench,3.7.1.v20120104-1859,"",1414893052160
activated,workbench,org.eclipse.ui.workbench,3.7.1.v20120104-1859,"",1414893056474
deactivated,workbench,org.eclipse.ui.workbench,3.7.1.v20120104-1859,"",1414893059676
activated,workbench,org.eclipse.ui.workbench,3.7.1.v20120104-1859,"",1414893064968
executed,command,org.eclipse.ui,3.7.0.v20110928-1505,"org.eclipse.ui.file.save",1414893096000
deactivated,workbench,org.eclipse.ui.workbench,3.7.1.v20120104-1859,"",1414893099540
activated,workbench,org.eclipse.ui.workbench,3.7.1.v20120104-1859,"",1414893102170
executed,command,org.eclipse.ui,3.7.0.v20110928-1505,"org.eclipse.ui.file.save",1414893116036
activated,view,org.eclipse.wst.server.ui,1.3.0.v20120210_1439,"org.eclipse.wst.server.ui.ServersView",1414893130489
executed,command,org.eclipse.wst.server.ui,1.3.0.v20120210_1439,"org.eclipse.wst.server.run",1414893151116
deactivated,workbench,org.eclipse.ui.workbench,3.7.1.v20120104-1859,"",1414893157745
activated,view,org.eclipse.ui.console,3.5.100.v20111007_r372,"org.eclipse.ui.console.ConsoleView",1414893163675
activated,view,org.eclipse.wst.server.ui,1.3.0.v20120210_1439,"org.eclipse.wst.server.ui.ServersView",1414893170353
activated,workbench,org.eclipse.ui.workbench,3.7.1.v20120104-1859,"",1414893173854
activated,view,org.eclipse.ui.views.log,1.0.200.v20110404,"org.eclipse.pde.runtime.LogView",1414893174943
activated,view,org.eclipse.ui.console,3.5.100.v20111007_r372,"org.eclipse.ui.console.ConsoleView",1414893177436
activated,editor,org.eclipse.ui.browser,3.3.101.v20111019-1723,"org.eclipse.ui.browser.editor",1414893201110
deactivated,workbench,org.eclipse.ui.workbench,3.7.1.v20120104-1859,"",1414896435570
activated,workbench,org.eclipse.ui.workbench,3.7.1.v20120104-1859,"",1414900040343
closed,workbench,org.eclipse.ui.workbench,3.7.1.v20120104-1859,"",1414900045069
stopped,bundle,org.eclipse.jst.ws.axis.creation.ui,1.0.700.v201104070312,"org.eclipse.jst.ws.axis.creation.ui",1414900054913
stopped,bundle,org.eclipse.jst.ws.axis.consumption.ui,1.0.505.v201004211805,"org.eclipse.jst.ws.axis.consumption.ui",1414900055109
stopped,bundle,org.eclipse.jst.ws.axis.consumption.core,1.0.407.v201104071820,"org.eclipse.jst.ws.axis.consumption.core",1414900055262
stopped,bundle,org.eclipse.jst.ws.axis2.creation.ui,1.0.104.v201004211805,"org.eclipse.jst.ws.axis2.creation.ui",1414900055476
stopped,bundle,org.eclipse.jst.ws.axis2.consumption.ui,1.0.103.v201004211805,"org.eclipse.jst.ws.axis2.consumption.ui",1414900055609
stopped,bundle,org.eclipse.jst.ws.axis2.creation.core,1.0.106.v201004211805,"org.eclipse.jst.ws.axis2.creation.core",1414900055823
stopped,bundle,org.eclipse.jst.ws.axis2.consumption.core,1.0.105.v201004211805,"org.eclipse.jst.ws.axis2.consumption.core",1414900055950
stopped,bundle,org.eclipse.jst.ws.axis2.ui,1.0.303.v201003110431,"org.eclipse.jst.ws.axis2.ui",1414900055954
stopped,bundle,org.eclipse.jst.ws.axis2.core,1.0.204.v201004211805,"org.eclipse.jst.ws.axis2.core",1414900056041
stopped,bundle,org.eclipse.jst.ws.cxf.creation.ui,1.0.100.v201104022153,"org.eclipse.jst.ws.cxf.creation.ui",1414900056364
stopped,bundle,org.eclipse.jst.ws.creation.ui,1.0.609.v201103082016,"org.eclipse.jst.ws.creation.ui",1414900056499
stopped,bundle,org.eclipse.jst.ws.cxf.consumption.ui,1.0.0.v201003222311,"org.eclipse.jst.ws.cxf.consumption.ui",1414900056638
stopped,bundle,org.eclipse.jst.ws.consumption.ui,1.1.402.v201201250306,"org.eclipse.jst.ws.consumption.ui",1414900056968
stopped,bundle,org.eclipse.jst.ws.consumption,1.0.603.v201202012024,"org.eclipse.jst.ws.consumption",1414900057221
stopped,bundle,org.eclipse.jst.ws.cxf.consumption.core,1.0.0.v201003222311,"org.eclipse.jst.ws.cxf.consumption.core",1414900057372
stopped,bundle,org.eclipse.jst.ws.cxf.creation.core,1.0.100.v201104022153,"org.eclipse.jst.ws.cxf.creation.core",1414900057534
stopped,bundle,org.eclipse.jst.ws.cxf.ui,1.0.0.v201004171919,"org.eclipse.jst.ws.cxf.ui",1414900057602
stopped,bundle,org.eclipse.jst.ws.cxf.core,1.0.100.v201104022153,"org.eclipse.jst.ws.cxf.core",1414900057603
stopped,bundle,org.eclipse.jst.ws.uddiregistry,1.0.500.v201004211805,"org.eclipse.jst.ws.uddiregistry",1414900057629
stopped,bundle,org.eclipse.jst.ws.ui,1.0.403.v201004211805,"org.eclipse.jst.ws.ui",1414900057699
stopped,bundle,org.eclipse.jst.ws,1.0.509.v201108250610,"org.eclipse.jst.ws",1414900057799
stopped,bundle,org.eclipse.wst.ws.explorer,1.0.607.v201103082002,"org.eclipse.wst.ws.explorer",1414900058226
activated,perspective,org.eclipse.jst.j2ee.ui,,"org.eclipse.jst.j2ee.J2EEPerspective",1414902404075
started,bundle,org.eclipse.osgi,3.7.2.v20120110-1415,"org.eclipse.osgi",1414902404121
started,bundle,org.eclipse.equinox.simpleconfigurator,1.0.200.v20110815-1438,"org.eclipse.equinox.simpleconfigurator",1414902404181
started,bundle,com.ibm.icu,4.4.2.v20110823,"com.ibm.icu",1414902404274
started,bundle,org.eclipse.compare.core,3.5.200.I20110208-0800,"org.eclipse.compare.core",1414902404389
started,bundle,org.eclipse.core.contenttype,3.4.100.v20110423-0524,"org.eclipse.core.contenttype",1414902404484
started,bundle,org.eclipse.core.databinding.observable,1.4.0.I20110222-0800,"org.eclipse.core.databinding.observable",1414902404610
started,bundle,org.eclipse.core.expressions,3.4.300.v20110228,"org.eclipse.core.expressions",1414902404629
started,bundle,org.eclipse.core.filebuffers,3.5.200.v20110928-1504,"org.eclipse.core.filebuffers",1414902404636
started,bundle,org.eclipse.core.filesystem,1.3.100.v20110423-0524,"org.eclipse.core.filesystem",1414902404677
started,bundle,org.eclipse.core.jobs,3.5.101.v20120113-1953,"org.eclipse.core.jobs",1414902404700
started,bundle,org.eclipse.core.net,1.2.100.I20110511-0800,"org.eclipse.core.net",1414902404710
started,bundle,org.eclipse.core.resources,3.7.101.v20120125-1505,"org.eclipse.core.resources",1414902404746
started,bundle,org.eclipse.core.runtime,3.7.0.v20110110,"org.eclipse.core.runtime",1414902404771
started,bundle,org.eclipse.core.runtime.compatibility,3.2.100.v20100505,"org.eclipse.core.runtime.compatibility",1414902404849
started,bundle,org.eclipse.core.runtime.compatibility.auth,3.2.200.v20110110,"org.eclipse.core.runtime.compatibility.auth",1414902404891
started,bundle,org.eclipse.core.variables,3.2.500.v20110928-1503,"org.eclipse.core.variables",1414902404938
started,bundle,org.eclipse.debug.core,3.7.1.v20111129-2031,"org.eclipse.debug.core",1414902404997
started,bundle,org.eclipse.emf.common,2.7.0.v20120127-1122,"org.eclipse.emf.common",1414902405014
started,bundle,org.eclipse.emf.common.ui,2.7.0.v20120130-0943,"org.eclipse.emf.common.ui",1414902405046
started,bundle,org.eclipse.emf.ecore,2.7.0.v20120127-1122,"org.eclipse.emf.ecore",1414902405125
started,bundle,org.eclipse.emf.ecore.xmi,2.7.0.v20120127-1122,"org.eclipse.emf.ecore.xmi",1414902405166
started,bundle,org.eclipse.emf.edit,2.7.2.v20120130-0943,"org.eclipse.emf.edit",1414902405200
started,bundle,org.eclipse.emf.edit.ui,2.7.0.v20120130-0943,"org.eclipse.emf.edit.ui",1414902405225
started,bundle,org.eclipse.epp.mpc.ui,1.1.1.I20110907-0947,"org.eclipse.epp.mpc.ui",1414902405257
started,bundle,org.eclipse.epp.usagedata.gathering,1.3.1.R201106061540,"org.eclipse.epp.usagedata.gathering",1414902405331
started,bundle,org.eclipse.epp.usagedata.recording,1.3.1.R201106061540,"org.eclipse.epp.usagedata.recording",1414902405385
started,bundle,org.eclipse.equinox.app,1.3.100.v20110321,"org.eclipse.equinox.app",1414902405450
started,bundle,org.eclipse.equinox.common,3.6.0.v20110523,"org.eclipse.equinox.common",1414902405519
started,bundle,org.eclipse.equinox.ds,1.3.1.R37x_v20110701,"org.eclipse.equinox.ds",1414902405542
started,bundle,org.eclipse.equinox.event,1.2.100.v20110502,"org.eclipse.equinox.event",1414902405586
started,bundle,org.eclipse.equinox.p2.core,2.1.1.v20120113-1346,"org.eclipse.equinox.p2.core",1414902405596
started,bundle,org.eclipse.equinox.p2.directorywatcher,1.0.300.v20110815-1419,"org.eclipse.equinox.p2.directorywatcher",1414902405645
started,bundle,org.eclipse.equinox.p2.engine,2.1.1.R37x_v20111003,"org.eclipse.equinox.p2.engine",1414902405655
started,bundle,org.eclipse.equinox.p2.metadata,2.1.0.v20110815-1419,"org.eclipse.equinox.p2.metadata",1414902405668
started,bundle,org.eclipse.equinox.p2.metadata.repository,1.2.0.v20110815-1419,"org.eclipse.equinox.p2.metadata.repository",1414902405702
started,bundle,org.eclipse.equinox.p2.operations,2.1.1.R37x_v20111111,"org.eclipse.equinox.p2.operations",1414902405729
started,bundle,org.eclipse.equinox.p2.reconciler.dropins,1.1.100.v20110815-1419,"org.eclipse.equinox.p2.reconciler.dropins",1414902405789
started,bundle,org.eclipse.equinox.p2.repository,2.1.1.v20120113-1346,"org.eclipse.equinox.p2.repository",1414902405814
started,bundle,org.eclipse.equinox.p2.ui.sdk.scheduler,1.0.100.v20110815-1419,"org.eclipse.equinox.p2.ui.sdk.scheduler",1414902405849
started,bundle,org.eclipse.equinox.p2.updatechecker,1.1.200.v20110815-1419,"org.eclipse.equinox.p2.updatechecker",1414902405905
started,bundle,org.eclipse.equinox.preferences,3.4.2.v20120111-2020,"org.eclipse.equinox.preferences",1414902405937
started,bundle,org.eclipse.equinox.registry,3.5.101.R37x_v20110810-1611,"org.eclipse.equinox.registry",1414902405995
started,bundle,org.eclipse.equinox.security,1.1.1.R37x_v20110822-1018,"org.eclipse.equinox.security",1414902406104
started,bundle,org.eclipse.equinox.util,1.0.300.v20110502,"org.eclipse.equinox.util",1414902406209
started,bundle,org.eclipse.help,3.5.100.v20110426,"org.eclipse.help",1414902406325
started,bundle,org.eclipse.jdt.core,3.7.3.v20120119-1537,"org.eclipse.jdt.core",1414902406365
started,bundle,org.eclipse.jdt.core.manipulation,1.4.0.v20110928-1453,"org.eclipse.jdt.core.manipulation",1414902406391
started,bundle,org.eclipse.jdt.debug,3.7.1.v20111006_r372,"org.eclipse.jdt.debug",1414902406437
started,bundle,org.eclipse.jdt.launching,3.6.1.v20111006_r372,"org.eclipse.jdt.launching",1414902406471
started,bundle,org.eclipse.jdt.launching.macosx,3.2.100.v20111006_r372,"org.eclipse.jdt.launching.macosx",1414902406488
started,bundle,org.eclipse.jdt.ui,3.7.2.v20120109-1427,"org.eclipse.jdt.ui",1414902406682
started,bundle,org.eclipse.jem,2.0.501.v201111030500,"org.eclipse.jem",1414902406740
started,bundle,org.eclipse.jem.util,2.1.100.v201103021400,"org.eclipse.jem.util",1414902406762
started,bundle,org.eclipse.jem.workbench,2.0.400.v201104251400,"org.eclipse.jem.workbench",1414902406788
started,bundle,org.eclipse.jface,3.7.0.v20110928-1505,"org.eclipse.jface",1414902406851
started,bundle,org.eclipse.jpt.common.core,1.0.2.v201111103010,"org.eclipse.jpt.common.core",1414902406969
started,bundle,org.eclipse.jpt.jpa.core,3.0.2.v201201243020,"org.eclipse.jpt.jpa.core",1414902407089
started,bundle,org.eclipse.jst.common.frameworks,1.1.501.v201201190400,"org.eclipse.jst.common.frameworks",1414902407180
started,bundle,org.eclipse.jst.common.project.facet.core,1.4.200.v201103170302,"org.eclipse.jst.common.project.facet.core",1414902407296
started,bundle,org.eclipse.jst.j2ee,1.1.503.v201202090300,"org.eclipse.jst.j2ee",1414902407427
started,bundle,org.eclipse.jst.j2ee.core,1.2.102.v201202090300,"org.eclipse.jst.j2ee.core",1414902407580
started,bundle,org.eclipse.jst.j2ee.navigator.ui,1.1.501.v201107261503,"org.eclipse.jst.j2ee.navigator.ui",1414902407617
started,bundle,org.eclipse.jst.j2ee.ui,1.1.503.v201201190400,"org.eclipse.jst.j2ee.ui",1414902407708
started,bundle,org.eclipse.jst.j2ee.web,1.1.502.v201202090300,"org.eclipse.jst.j2ee.web",1414902407878
started,bundle,org.eclipse.jst.j2ee.webservice,1.1.400.v201004110600,"org.eclipse.jst.j2ee.webservice",1414902407989
started,bundle,org.eclipse.jst.j2ee.webservice.ui,1.1.500.v201105122000,"org.eclipse.jst.j2ee.webservice.ui",1414902408058
started,bundle,org.eclipse.jst.jee,1.0.402.v201202021530,"org.eclipse.jst.jee",1414902408100
started,bundle,org.eclipse.jst.jee.ui,1.0.401.v201202011107,"org.eclipse.jst.jee.ui",1414902408142
started,bundle,org.eclipse.jst.server.core,1.2.202.v20110419,"org.eclipse.jst.server.core",1414902408180
started,bundle,org.eclipse.jst.server.tomcat.core,1.1.301.v20111010_1242,"org.eclipse.jst.server.tomcat.core",1414902408264
started,bundle,org.eclipse.jst.ws.jaxrs.core,1.0.301.v201108240656,"org.eclipse.jst.ws.jaxrs.core",1414902408407
started,bundle,org.eclipse.jst.ws.jaxws.utils,1.0.100.v201201031437,"org.eclipse.jst.ws.jaxws.utils",1414902408451
started,bundle,org.eclipse.mylyn.bugzilla.core,3.6.5.v20120123-0100,"org.eclipse.mylyn.bugzilla.core",1414902408526
started,bundle,org.eclipse.mylyn.bugzilla.ui,3.6.0.v20110608-1400,"org.eclipse.mylyn.bugzilla.ui",1414902408615
started,bundle,org.eclipse.mylyn.commons.identity,0.8.0.v20110608-1400,"org.eclipse.mylyn.commons.identity",1414902408739
started,bundle,org.eclipse.mylyn.commons.net,3.6.0.v20110608-1400,"org.eclipse.mylyn.commons.net",1414902408739
started,bundle,org.eclipse.mylyn.commons.ui,3.6.1.v20110720-0100,"org.eclipse.mylyn.commons.ui",1414902408771
started,bundle,org.eclipse.mylyn.context.core,3.6.1.v20110720-0100,"org.eclipse.mylyn.context.core",1414902408847
started,bundle,org.eclipse.mylyn.context.ui,3.6.1.v20120112-0100,"org.eclipse.mylyn.context.ui",1414902408897
started,bundle,org.eclipse.mylyn.monitor.ui,3.6.0.v20110608-1400,"org.eclipse.mylyn.monitor.ui",1414902408974
started,bundle,org.eclipse.mylyn.tasks.ui,3.6.5.v20120215-0100,"org.eclipse.mylyn.tasks.ui",1414902409135
started,bundle,org.eclipse.mylyn.team.ui,3.6.1.v20110825-0100,"org.eclipse.mylyn.team.ui",1414902409196
started,bundle,org.eclipse.search,3.7.0.v20110928-1504,"org.eclipse.search",1414902409281
started,bundle,org.eclipse.team.core,3.6.0.I20110525-0800,"org.eclipse.team.core",1414902409354
started,bundle,org.eclipse.ui,3.7.0.v20110928-1505,"org.eclipse.ui",1414902409473
started,bundle,org.eclipse.ui.editors,3.7.0.v20110928-1504,"org.eclipse.ui.editors",1414902409473
started,bundle,org.eclipse.ui.forms,3.5.101.v20111011-1919,"org.eclipse.ui.forms",1414902409536
started,bundle,org.eclipse.ui.ide,3.7.0.v20110928-1505,"org.eclipse.ui.ide",1414902409612
started,bundle,org.eclipse.ui.navigator,3.5.101.v20120106-1355,"org.eclipse.ui.navigator",1414902409701
started,bundle,org.eclipse.ui.navigator.resources,3.4.300.v20110928-1505,"org.eclipse.ui.navigator.resources",1414902409734
started,bundle,org.eclipse.ui.net,1.2.100.v20111208-1155,"org.eclipse.ui.net",1414902409821
started,bundle,org.eclipse.ui.views,3.6.0.v20110928-1505,"org.eclipse.ui.views",1414902409879
started,bundle,org.eclipse.ui.workbench,3.7.1.v20120104-1859,"org.eclipse.ui.workbench",1414902409998
started,bundle,org.eclipse.ui.workbench.texteditor,3.7.0.v20110928-1504,"org.eclipse.ui.workbench.texteditor",1414902410087
started,bundle,org.eclipse.wst.common.core,1.2.0.v200908252030,"org.eclipse.wst.common.core",1414902410207
started,bundle,org.eclipse.wst.common.emf,1.2.100.v201101101900,"org.eclipse.wst.common.emf",1414902410257
started,bundle,org.eclipse.wst.common.emfworkbench.integration,1.2.101.v201107140600,"org.eclipse.wst.common.emfworkbench.integration",1414902410277
started,bundle,org.eclipse.wst.common.frameworks,1.2.102.v201201190400,"org.eclipse.wst.common.frameworks",1414902410313
started,bundle,org.eclipse.wst.common.frameworks.ui,1.2.100.v201105122000,"org.eclipse.wst.common.frameworks.ui",1414902410352
started,bundle,org.eclipse.wst.common.modulecore,1.2.103.v201201190400,"org.eclipse.wst.common.modulecore",1414902410421
started,bundle,org.eclipse.wst.common.project.facet.core,1.4.201.v201201101553,"org.eclipse.wst.common.project.facet.core",1414902410475
started,bundle,org.eclipse.wst.common.ui,1.1.500.v200911190730,"org.eclipse.wst.common.ui",1414902410523
started,bundle,org.eclipse.wst.jsdt.core,1.1.102.v201111090634,"org.eclipse.wst.jsdt.core",1414902410614
started,bundle,org.eclipse.wst.jsdt.manipulation,1.0.300.v201104272153,"org.eclipse.wst.jsdt.manipulation",1414902410711
started,bundle,org.eclipse.wst.jsdt.ui,1.1.102.v201201131900,"org.eclipse.wst.jsdt.ui",1414902410856
started,bundle,org.eclipse.wst.server.core,1.1.304.v20120208_1420,"org.eclipse.wst.server.core",1414902410975
started,bundle,org.eclipse.wst.server.ui,1.3.0.v20120210_1439,"org.eclipse.wst.server.ui",1414902410975
started,bundle,org.eclipse.wst.sse.core,1.1.602.v201112071516,"org.eclipse.wst.sse.core",1414902411076
started,bundle,org.eclipse.wst.sse.ui,1.3.2.v201201041522,"org.eclipse.wst.sse.ui",1414902411244
started,bundle,org.eclipse.wst.validation,1.2.303.v201202090300,"org.eclipse.wst.validation",1414902411315
started,bundle,org.eclipse.wst.web,1.1.501.v201201190400,"org.eclipse.wst.web",1414902411345
started,bundle,org.eclipse.wst.xml.core,1.1.602.v201201091944,"org.eclipse.wst.xml.core",1414902411489
started,bundle,oracle.eclipse.tools.glassfish,4.2.1.201201241947,"oracle.eclipse.tools.glassfish",1414902411604
os,sysinfo,,,"macosx",1414902411743
arch,sysinfo,,,"x86_64",1414902411743
ws,sysinfo,,,"cocoa",1414902411743
locale,sysinfo,,,"en_US",1414902411743
processors,sysinfo,,,"4",1414902411743
java.runtime.name,sysinfo,,,"Java(TM) SE Runtime Environment",1414902411743
java.runtime.version,sysinfo,,,"1.6.0_65-b14-462-11M4609",1414902411743
java.specification.name,sysinfo,,,"Java Platform API Specification",1414902411743
java.specification.vendor,sysinfo,,,"Sun Microsystems Inc.",1414902411743
java.specification.version,sysinfo,,,"1.6",1414902411743
java.vendor,sysinfo,,,"Apple Inc.",1414902411743
